<?xml version="1.0"?>
<!--Created by Custom Compiler (TM), build , on Wed Dec  1 11:11:45 2021-->
<file-format name="stateCategory" version="1.0">
 <object name="designVariables" type="saDesignVariables" version="1">
  <attribute name="variableSet" value="default" type="giString"/>
  <collection name="variableSets">
   <object name="variableSets" type="saDesignVariableSet" version="1">
    <collection name="designVariables">
     <object name="designVariables" type="saDesignVariable" version="1">
      <attribute name="description" value="" type="giString"/>
      <attribute name="name" value="ac_mag" type="giString"/>
      <attribute name="useLocal" value="1" type="giBoolean"/>
      <attribute name="value" value="0" type="giString"/>
      <attribute name="variableType" value="none" type="enVariableType"/>
     </object>
     <object name="designVariables" type="saDesignVariable" version="1">
      <attribute name="description" value="" type="giString"/>
      <attribute name="name" value="ac_psr" type="giString"/>
      <attribute name="useLocal" value="1" type="giBoolean"/>
      <attribute name="value" value="0" type="giString"/>
      <attribute name="variableType" value="none" type="enVariableType"/>
     </object>
     <object name="designVariables" type="saDesignVariable" version="1">
      <attribute name="description" value="" type="giString"/>
      <attribute name="name" value="c_load" type="giString"/>
      <attribute name="useLocal" value="1" type="giBoolean"/>
      <attribute name="value" value="1p" type="giString"/>
      <attribute name="variableType" value="none" type="enVariableType"/>
     </object>
     <object name="designVariables" type="saDesignVariable" version="1">
      <attribute name="description" value="" type="giString"/>
      <attribute name="name" value="r_load" type="giString"/>
      <attribute name="useLocal" value="1" type="giBoolean"/>
      <attribute name="value" value="10e9" type="giString"/>
      <attribute name="variableType" value="none" type="enVariableType"/>
     </object>
     <object name="designVariables" type="saDesignVariable" version="1">
      <attribute name="description" value="" type="giString"/>
      <attribute name="name" value="res_sn" type="giString"/>
      <attribute name="useLocal" value="1" type="giBoolean"/>
      <attribute name="value" value="1e10" type="giString"/>
      <attribute name="variableType" value="none" type="enVariableType"/>
     </object>
     <object name="designVariables" type="saDesignVariable" version="1">
      <attribute name="description" value="" type="giString"/>
      <attribute name="name" value="rpar_ovsr1" type="giString"/>
      <attribute name="useLocal" value="1" type="giBoolean"/>
      <attribute name="value" value="1e9" type="giString"/>
      <attribute name="variableType" value="none" type="enVariableType"/>
     </object>
     <object name="designVariables" type="saDesignVariable" version="1">
      <attribute name="description" value="" type="giString"/>
      <attribute name="name" value="rpar_ovsr2" type="giString"/>
      <attribute name="useLocal" value="1" type="giBoolean"/>
      <attribute name="value" value="1e-9" type="giString"/>
      <attribute name="variableType" value="none" type="enVariableType"/>
     </object>
     <object name="designVariables" type="saDesignVariable" version="1">
      <attribute name="description" value="" type="giString"/>
      <attribute name="name" value="snac_mag" type="giString"/>
      <attribute name="useLocal" value="1" type="giBoolean"/>
      <attribute name="value" value="0" type="giString"/>
      <attribute name="variableType" value="none" type="enVariableType"/>
     </object>
     <object name="designVariables" type="saDesignVariable" version="1">
      <attribute name="description" value="" type="giString"/>
      <attribute name="name" value="vcm" type="giString"/>
      <attribute name="useLocal" value="0" type="giBoolean"/>
      <attribute name="value" value="" type="giString"/>
      <attribute name="variableType" value="none" type="enVariableType"/>
     </object>
     <object name="designVariables" type="saDesignVariable" version="1">
      <attribute name="description" value="" type="giString"/>
      <attribute name="name" value="vph" type="giString"/>
      <attribute name="useLocal" value="0" type="giBoolean"/>
      <attribute name="value" value="" type="giString"/>
      <attribute name="variableType" value="none" type="enVariableType"/>
     </object>
     <object name="designVariables" type="saDesignVariable" version="1">
      <attribute name="description" value="" type="giString"/>
      <attribute name="name" value="vx" type="giString"/>
      <attribute name="useLocal" value="1" type="giBoolean"/>
      <attribute name="value" value="0" type="giString"/>
      <attribute name="variableType" value="none" type="enVariableType"/>
     </object>
     <object name="designVariables" type="saDesignVariable" version="1">
      <attribute name="description" value="" type="giString"/>
      <attribute name="name" value="xf_trans" type="giString"/>
      <attribute name="useLocal" value="1" type="giBoolean"/>
      <attribute name="value" value="0" type="giString"/>
      <attribute name="variableType" value="none" type="enVariableType"/>
     </object>
    </collection>
    <attribute name="name" value="default" type="giString"/>
   </object>
  </collection>
 </object>
</file-format>
