<?xml version="1.0"?>
<!--Created by Custom Compiler (TM), build , on Wed Dec  1 11:11:46 2021-->
<file-format name="stateCategory" version="1.0">
 <object name="outputs" type="saOutputs" version="1">
  <collection name="customPlotModes"/>
  <attribute name="importMeasures" value="1" type="giBoolean"/>
  <attribute name="outputSet" value="default" type="giString"/>
  <collection name="outputSets">
   <object name="outputSets" type="saOutputSet" version="1">
    <collection name="histogramCharts"/>
    <attribute name="name" value="default" type="giString"/>
    <collection name="outputs"/>
    <collection name="qqCharts"/>
    <attribute name="reductionString" value="" type="giString"/>
    <collection name="scatterCharts"/>
   </object>
  </collection>
  <attribute name="plotMode" value="replace" type="giString"/>
 </object>
</file-format>
