<?xml version="1.0"?>
<!--Created by Custom Compiler (TM), build , on Wed Dec  1 11:11:46 2021-->
<file-format name="stateCategory" version="1.0">
 <object name="saveOptions" type="saSaveOptions" version="1">
  <attribute name="emTStart" value="" type="giString"/>
  <attribute name="emTStop" value="" type="giString"/>
  <attribute name="enableEM" value="0" type="giBoolean"/>
  <attribute name="enableVDRC" value="0" type="giBoolean"/>
  <attribute name="power" value="0" type="giBoolean"/>
  <attribute name="save" value="level" type="giString"/>
  <attribute name="saveLevel" value="1" type="giInt"/>
  <attribute name="subcktCurrents" value="selected" type="giString"/>
  <attribute name="subcktCurrentsLevel" value="1" type="giInt"/>
  <attribute name="terminalCurrents" value="selected" type="giString"/>
  <attribute name="terminalCurrentsLevel" value="1" type="giInt"/>
  <attribute name="totalPower" value="0" type="giBoolean"/>
  <attribute name="vdrcTStart" value="" type="giString"/>
  <attribute name="vdrcTStop" value="" type="giString"/>
 </object>
</file-format>
