<?xml version="1.0"?>
<!--Created by Custom Compiler (TM), build , on Wed Dec  1 11:11:45 2021-->
<file-format name="stateCategory" version="1.0">
 <collection name="analyses">
  <object name="analyses" type="saAnalysis" version="1">
   <attribute name="card" value="" type="giString"/>
   <attribute name="center" value="" type="giString"/>
   <attribute name="dec" value="" type="giString"/>
   <attribute name="definition" value="dc" type="giString"/>
   <attribute name="description" value="" type="giString"/>
   <attribute name="designVar" value="vcm" type="giString"/>
   <attribute name="dev" value="" type="giString"/>
   <attribute name="doSweep" value="1" type="giString"/>
   <attribute name="enabled" value="1" type="giBoolean"/>
   <attribute name="hysteresis" value="0" type="giBoolean"/>
   <attribute name="lin" value="5m" type="giString"/>
   <attribute name="log" value="" type="giString"/>
   <attribute name="mod" value="" type="giString"/>
   <attribute name="name" value="dc" type="giString"/>
   <collection name="options">
    <object name="options" type="saOption" version="1">
     <attribute name="enabled" value="no" type="giString"/>
     <attribute name="hasIntegrationDefault" value="0" type="giBoolean"/>
     <attribute name="localized" value="0" type="giBoolean"/>
     <attribute name="name" value="read_ns" type="giString"/>
     <attribute name="simDefault" value="" type="giString"/>
     <attribute name="state" value="used" type="giString"/>
     <attribute name="value" value="" type="giString"/>
    </object>
    <object name="options" type="saOption" version="1">
     <attribute name="enabled" value="no" type="giString"/>
     <attribute name="hasIntegrationDefault" value="0" type="giBoolean"/>
     <attribute name="localized" value="0" type="giBoolean"/>
     <attribute name="name" value="write" type="giString"/>
     <attribute name="simDefault" value="" type="giString"/>
     <attribute name="state" value="used" type="giString"/>
     <attribute name="value" value="" type="giString"/>
    </object>
    <object name="options" type="saOption" version="1">
     <attribute name="enabled" value="no" type="giString"/>
     <attribute name="hasIntegrationDefault" value="0" type="giBoolean"/>
     <attribute name="localized" value="0" type="giBoolean"/>
     <attribute name="name" value="write_final" type="giString"/>
     <attribute name="simDefault" value="" type="giString"/>
     <attribute name="state" value="used" type="giString"/>
     <attribute name="value" value="" type="giString"/>
    </object>
    <object name="options" type="saOption" version="1">
     <attribute name="enabled" value="no" type="giString"/>
     <attribute name="hasIntegrationDefault" value="0" type="giBoolean"/>
     <attribute name="localized" value="0" type="giBoolean"/>
     <attribute name="name" value="otherOptions" type="giString"/>
     <attribute name="simDefault" value="" type="giString"/>
     <attribute name="state" value="used" type="giString"/>
     <attribute name="value" value="" type="giString"/>
    </object>
   </collection>
   <attribute name="param" value="" type="giString"/>
   <attribute name="saveOP" value="1" type="giBoolean"/>
   <attribute name="span" value="" type="giString"/>
   <attribute name="start" value="0" type="giString"/>
   <attribute name="step" value="5m" type="giString"/>
   <attribute name="stepSpecLin" value="Step Size" type="giString"/>
   <attribute name="stepSpecLog" value="Points per Decade" type="giString"/>
   <attribute name="stop" value="vph" type="giString"/>
   <attribute name="sub" value="" type="giString"/>
   <attribute name="sweep" value="Linear" type="giString"/>
   <attribute name="sweepSpec" value="Start/Stop" type="giString"/>
   <attribute name="sweepVar" value="Design Variable" type="giString"/>
   <attribute name="textParam" value="" type="giString"/>
   <attribute name="useCard" value="0" type="giBoolean"/>
   <attribute name="values" value="" type="giString"/>
  </object>
 </collection>
</file-format>
