<?xml version="1.0"?>
<!--Created by Custom Compiler (TM), build , on Wed Dec  1 11:11:46 2021-->
<file-format name="stateCategory" version="1.0">
 <collection name="analyses">
  <object name="analyses" type="saAnalysis" version="1">
   <attribute name="card" value="" type="giString"/>
   <attribute name="center" value="" type="giString"/>
   <attribute name="dec" value="" type="giString"/>
   <attribute name="definition" value="dc" type="giString"/>
   <attribute name="description" value="" type="giString"/>
   <attribute name="designVar" value="" type="giString"/>
   <attribute name="dev" value="" type="giString"/>
   <attribute name="doSweep" value="0" type="giString"/>
   <attribute name="enabled" value="0" type="giBoolean"/>
   <attribute name="hysteresis" value="0" type="giBoolean"/>
   <attribute name="lin" value="" type="giString"/>
   <attribute name="log" value="" type="giString"/>
   <attribute name="mod" value="" type="giString"/>
   <attribute name="name" value="dc" type="giString"/>
   <collection name="options">
    <object name="options" type="saOption" version="1">
     <attribute name="enabled" value="no" type="giString"/>
     <attribute name="hasIntegrationDefault" value="0" type="giBoolean"/>
     <attribute name="localized" value="0" type="giBoolean"/>
     <attribute name="name" value="read_ns" type="giString"/>
     <attribute name="simDefault" value="" type="giString"/>
     <attribute name="state" value="used" type="giString"/>
     <attribute name="value" value="" type="giString"/>
    </object>
    <object name="options" type="saOption" version="1">
     <attribute name="enabled" value="no" type="giString"/>
     <attribute name="hasIntegrationDefault" value="0" type="giBoolean"/>
     <attribute name="localized" value="0" type="giBoolean"/>
     <attribute name="name" value="write" type="giString"/>
     <attribute name="simDefault" value="" type="giString"/>
     <attribute name="state" value="used" type="giString"/>
     <attribute name="value" value="" type="giString"/>
    </object>
    <object name="options" type="saOption" version="1">
     <attribute name="enabled" value="no" type="giString"/>
     <attribute name="hasIntegrationDefault" value="0" type="giBoolean"/>
     <attribute name="localized" value="0" type="giBoolean"/>
     <attribute name="name" value="write_final" type="giString"/>
     <attribute name="simDefault" value="" type="giString"/>
     <attribute name="state" value="used" type="giString"/>
     <attribute name="value" value="" type="giString"/>
    </object>
    <object name="options" type="saOption" version="1">
     <attribute name="enabled" value="no" type="giString"/>
     <attribute name="hasIntegrationDefault" value="0" type="giBoolean"/>
     <attribute name="localized" value="0" type="giBoolean"/>
     <attribute name="name" value="otherOptions" type="giString"/>
     <attribute name="simDefault" value="" type="giString"/>
     <attribute name="state" value="used" type="giString"/>
     <attribute name="value" value="" type="giString"/>
    </object>
   </collection>
   <attribute name="param" value="" type="giString"/>
   <attribute name="saveOP" value="1" type="giBoolean"/>
   <attribute name="span" value="" type="giString"/>
   <attribute name="start" value="" type="giString"/>
   <attribute name="step" value="" type="giString"/>
   <attribute name="stepSpecLin" value="Number of Steps" type="giString"/>
   <attribute name="stepSpecLog" value="Points per Decade" type="giString"/>
   <attribute name="stop" value="" type="giString"/>
   <attribute name="sub" value="" type="giString"/>
   <attribute name="sweep" value="Linear" type="giString"/>
   <attribute name="sweepSpec" value="Start/Stop" type="giString"/>
   <attribute name="sweepVar" value="Temperature" type="giString"/>
   <attribute name="textParam" value="" type="giString"/>
   <attribute name="useCard" value="0" type="giBoolean"/>
   <attribute name="values" value="" type="giString"/>
  </object>
  <object name="analyses" type="saAnalysis" version="1">
   <attribute name="card" value="" type="giString"/>
   <attribute name="center" value="" type="giString"/>
   <attribute name="dec" value="20" type="giString"/>
   <attribute name="definition" value="noise" type="giString"/>
   <attribute name="description" value="" type="giString"/>
   <attribute name="designVar" value="" type="giString"/>
   <attribute name="dev" value="" type="giString"/>
   <attribute name="enabled" value="0" type="giBoolean"/>
   <attribute name="freq" value="" type="giString"/>
   <attribute name="iprobe" value="/Vin" type="giString"/>
   <attribute name="lin" value="" type="giString"/>
   <attribute name="log" value="" type="giString"/>
   <attribute name="mod" value="" type="giString"/>
   <attribute name="name" value="noise" type="giString"/>
   <attribute name="negNode" value="/gnd!" type="giString"/>
   <attribute name="node" value="/out" type="giString"/>
   <attribute name="oprobe" value="" type="giString"/>
   <collection name="options">
    <object name="options" type="saOption" version="1">
     <attribute name="enabled" value="no" type="giString"/>
     <attribute name="hasIntegrationDefault" value="0" type="giBoolean"/>
     <attribute name="localized" value="0" type="giBoolean"/>
     <attribute name="name" value="read_ns" type="giString"/>
     <attribute name="simDefault" value="" type="giString"/>
     <attribute name="state" value="used" type="giString"/>
     <attribute name="value" value="" type="giString"/>
    </object>
    <object name="options" type="saOption" version="1">
     <attribute name="enabled" value="no" type="giString"/>
     <attribute name="hasIntegrationDefault" value="0" type="giBoolean"/>
     <attribute name="localized" value="0" type="giBoolean"/>
     <attribute name="name" value="otherOptions" type="giString"/>
     <attribute name="simDefault" value="" type="giString"/>
     <attribute name="state" value="used" type="giString"/>
     <attribute name="value" value="" type="giString"/>
    </object>
   </collection>
   <attribute name="outputType" value="Voltage" type="giString"/>
   <attribute name="param" value="" type="giString"/>
   <attribute name="span" value="" type="giString"/>
   <attribute name="start" value="1" type="giString"/>
   <attribute name="step" value="" type="giString"/>
   <attribute name="stepSpecLin" value="Number of Steps" type="giString"/>
   <attribute name="stepSpecLog" value="Points per Decade" type="giString"/>
   <attribute name="stop" value="5G" type="giString"/>
   <attribute name="sub" value="" type="giString"/>
   <attribute name="sweep" value="Logarithmic" type="giString"/>
   <attribute name="sweepSpec" value="Start/Stop" type="giString"/>
   <attribute name="sweepVar" value="Frequency (Hz)" type="giString"/>
   <attribute name="useCard" value="0" type="giBoolean"/>
   <attribute name="values" value="" type="giString"/>
  </object>
  <object name="analyses" type="saAnalysis" version="1">
   <attribute name="card" value="" type="giString"/>
   <attribute name="center" value="" type="giString"/>
   <attribute name="dec" value="" type="giString"/>
   <attribute name="definition" value="pz" type="giString"/>
   <attribute name="description" value="" type="giString"/>
   <attribute name="designVar" value="" type="giString"/>
   <attribute name="dev" value="" type="giString"/>
   <attribute name="doSweep" value="0" type="giString"/>
   <attribute name="enabled" value="0" type="giBoolean"/>
   <attribute name="iprobe" value="/Vin" type="giString"/>
   <attribute name="lin" value="" type="giString"/>
   <attribute name="log" value="" type="giString"/>
   <attribute name="mod" value="" type="giString"/>
   <attribute name="name" value="pz" type="giString"/>
   <attribute name="negNode" value="/gnd!" type="giString"/>
   <attribute name="node" value="/out" type="giString"/>
   <attribute name="oprobe" value="" type="giString"/>
   <collection name="options">
    <object name="options" type="saOption" version="1">
     <attribute name="enabled" value="no" type="giString"/>
     <attribute name="hasIntegrationDefault" value="0" type="giBoolean"/>
     <attribute name="localized" value="0" type="giBoolean"/>
     <attribute name="name" value="read_ns" type="giString"/>
     <attribute name="simDefault" value="" type="giString"/>
     <attribute name="state" value="used" type="giString"/>
     <attribute name="value" value="" type="giString"/>
    </object>
    <object name="options" type="saOption" version="1">
     <attribute name="enabled" value="no" type="giString"/>
     <attribute name="hasIntegrationDefault" value="0" type="giBoolean"/>
     <attribute name="localized" value="0" type="giBoolean"/>
     <attribute name="name" value="otherOptions" type="giString"/>
     <attribute name="simDefault" value="" type="giString"/>
     <attribute name="state" value="used" type="giString"/>
     <attribute name="value" value="" type="giString"/>
    </object>
   </collection>
   <attribute name="outputType" value="Voltage" type="giString"/>
   <attribute name="param" value="" type="giString"/>
   <attribute name="span" value="" type="giString"/>
   <attribute name="start" value="" type="giString"/>
   <attribute name="step" value="" type="giString"/>
   <attribute name="stepSpecLin" value="Number of Steps" type="giString"/>
   <attribute name="stepSpecLog" value="Points per Decade" type="giString"/>
   <attribute name="stop" value="" type="giString"/>
   <attribute name="sub" value="" type="giString"/>
   <attribute name="sweep" value="Linear" type="giString"/>
   <attribute name="sweepSpec" value="Start/Stop" type="giString"/>
   <attribute name="sweepVar" value="Temperature" type="giString"/>
   <attribute name="useCard" value="0" type="giBoolean"/>
   <attribute name="values" value="" type="giString"/>
  </object>
  <object name="analyses" type="saAnalysis" version="1">
   <attribute name="card" value="" type="giString"/>
   <attribute name="center" value="" type="giString"/>
   <attribute name="dec" value="20" type="giString"/>
   <attribute name="definition" value="xf" type="giString"/>
   <attribute name="description" value="" type="giString"/>
   <attribute name="designVar" value="" type="giString"/>
   <attribute name="dev" value="" type="giString"/>
   <attribute name="doSweep" value="1" type="giString"/>
   <attribute name="enabled" value="0" type="giBoolean"/>
   <attribute name="freq" value="" type="giString"/>
   <attribute name="lin" value="" type="giString"/>
   <attribute name="log" value="" type="giString"/>
   <attribute name="mod" value="" type="giString"/>
   <attribute name="name" value="xf" type="giString"/>
   <attribute name="negNode" value="/gnd!" type="giString"/>
   <attribute name="node" value="/out" type="giString"/>
   <attribute name="oprobe" value="" type="giString"/>
   <collection name="options">
    <object name="options" type="saOption" version="1">
     <attribute name="enabled" value="no" type="giString"/>
     <attribute name="hasIntegrationDefault" value="0" type="giBoolean"/>
     <attribute name="localized" value="0" type="giBoolean"/>
     <attribute name="name" value="read_ns" type="giString"/>
     <attribute name="simDefault" value="" type="giString"/>
     <attribute name="state" value="used" type="giString"/>
     <attribute name="value" value="" type="giString"/>
    </object>
    <object name="options" type="saOption" version="1">
     <attribute name="enabled" value="no" type="giString"/>
     <attribute name="hasIntegrationDefault" value="0" type="giBoolean"/>
     <attribute name="localized" value="0" type="giBoolean"/>
     <attribute name="name" value="otherOptions" type="giString"/>
     <attribute name="simDefault" value="" type="giString"/>
     <attribute name="state" value="used" type="giString"/>
     <attribute name="value" value="" type="giString"/>
    </object>
   </collection>
   <attribute name="outputType" value="Voltage" type="giString"/>
   <attribute name="param" value="" type="giString"/>
   <attribute name="span" value="" type="giString"/>
   <attribute name="start" value="1" type="giString"/>
   <attribute name="step" value="" type="giString"/>
   <attribute name="stepSpecLin" value="Number of Steps" type="giString"/>
   <attribute name="stepSpecLog" value="Points per Decade" type="giString"/>
   <attribute name="stop" value="5G" type="giString"/>
   <attribute name="sub" value="" type="giString"/>
   <attribute name="sweep" value="Logarithmic" type="giString"/>
   <attribute name="sweepSpec" value="Start/Stop" type="giString"/>
   <attribute name="sweepVar" value="Frequency (Hz)" type="giString"/>
   <attribute name="useCard" value="0" type="giBoolean"/>
   <attribute name="values" value="" type="giString"/>
  </object>
  <object name="analyses" type="saAnalysis" version="1">
   <attribute name="card" value="" type="giString"/>
   <attribute name="definition" value="tran" type="giString"/>
   <attribute name="description" value="" type="giString"/>
   <attribute name="doRestore" value="0" type="giBoolean"/>
   <attribute name="doSave" value="0" type="giBoolean"/>
   <attribute name="dpmethod" value="Vector" type="giString"/>
   <attribute name="dynamicParameters" value="0" type="giBoolean"/>
   <attribute name="enabled" value="0" type="giBoolean"/>
   <collection name="instancesList"/>
   <attribute name="instancesListExp" value="0" type="giString"/>
   <attribute name="name" value="tran" type="giString"/>
   <attribute name="noiseEnableSel" value="Enable" type="giString"/>
   <attribute name="noiseSeedStart" value="" type="giString"/>
   <attribute name="noiseSeedStop" value="" type="giString"/>
   <collection name="options">
    <object name="options" type="saOption" version="1">
     <attribute name="enabled" value="no" type="giString"/>
     <attribute name="hasIntegrationDefault" value="0" type="giBoolean"/>
     <attribute name="localized" value="0" type="giBoolean"/>
     <attribute name="name" value="simstart" type="giString"/>
     <attribute name="simDefault" value="0" type="giString"/>
     <attribute name="state" value="used" type="giString"/>
     <attribute name="value" value="0" type="giString"/>
    </object>
    <object name="options" type="saOption" version="1">
     <attribute name="enabled" value="no" type="giString"/>
     <attribute name="hasIntegrationDefault" value="0" type="giBoolean"/>
     <attribute name="localized" value="0" type="giBoolean"/>
     <attribute name="name" value="autostop" type="giString"/>
     <attribute name="simDefault" value="no" type="giString"/>
     <attribute name="state" value="used" type="giString"/>
     <attribute name="value" value="no" type="giString"/>
    </object>
    <object name="options" type="saOption" version="1">
     <attribute name="enabled" value="no" type="giString"/>
     <attribute name="hasIntegrationDefault" value="0" type="giBoolean"/>
     <attribute name="localized" value="0" type="giBoolean"/>
     <attribute name="name" value="ic_type" type="giString"/>
     <attribute name="simDefault" value="all" type="giString"/>
     <attribute name="state" value="used" type="giString"/>
     <attribute name="value" value="all" type="giString"/>
    </object>
    <object name="options" type="saOption" version="1">
     <attribute name="enabled" value="no" type="giString"/>
     <attribute name="hasIntegrationDefault" value="0" type="giBoolean"/>
     <attribute name="localized" value="0" type="giBoolean"/>
     <attribute name="name" value="read_ic" type="giString"/>
     <attribute name="simDefault" value="" type="giString"/>
     <attribute name="state" value="used" type="giString"/>
     <attribute name="value" value="" type="giString"/>
    </object>
    <object name="options" type="saOption" version="1">
     <attribute name="enabled" value="no" type="giString"/>
     <attribute name="hasIntegrationDefault" value="0" type="giBoolean"/>
     <attribute name="localized" value="0" type="giBoolean"/>
     <attribute name="name" value="read_ns" type="giString"/>
     <attribute name="simDefault" value="" type="giString"/>
     <attribute name="state" value="used" type="giString"/>
     <attribute name="value" value="" type="giString"/>
    </object>
    <object name="options" type="saOption" version="1">
     <attribute name="enabled" value="no" type="giString"/>
     <attribute name="hasIntegrationDefault" value="0" type="giBoolean"/>
     <attribute name="localized" value="0" type="giBoolean"/>
     <attribute name="name" value="write" type="giString"/>
     <attribute name="simDefault" value="" type="giString"/>
     <attribute name="state" value="used" type="giString"/>
     <attribute name="value" value="" type="giString"/>
    </object>
    <object name="options" type="saOption" version="1">
     <attribute name="enabled" value="no" type="giString"/>
     <attribute name="hasIntegrationDefault" value="0" type="giBoolean"/>
     <attribute name="localized" value="0" type="giBoolean"/>
     <attribute name="name" value="write_final" type="giString"/>
     <attribute name="simDefault" value="" type="giString"/>
     <attribute name="state" value="used" type="giString"/>
     <attribute name="value" value="" type="giString"/>
    </object>
    <object name="options" type="saOption" version="1">
     <attribute name="enabled" value="no" type="giString"/>
     <attribute name="hasIntegrationDefault" value="0" type="giBoolean"/>
     <attribute name="localized" value="0" type="giBoolean"/>
     <attribute name="name" value="method" type="giString"/>
     <attribute name="simDefault" value="trap" type="giString"/>
     <attribute name="state" value="used" type="giString"/>
     <attribute name="value" value="trap" type="giString"/>
    </object>
    <object name="options" type="saOption" version="1">
     <attribute name="enabled" value="no" type="giString"/>
     <attribute name="hasIntegrationDefault" value="0" type="giBoolean"/>
     <attribute name="localized" value="0" type="giBoolean"/>
     <attribute name="name" value="trtol" type="giString"/>
     <attribute name="simDefault" value="" type="giString"/>
     <attribute name="state" value="used" type="giString"/>
     <attribute name="value" value="" type="giString"/>
    </object>
    <object name="options" type="saOption" version="1">
     <attribute name="enabled" value="no" type="giString"/>
     <attribute name="hasIntegrationDefault" value="0" type="giBoolean"/>
     <attribute name="localized" value="0" type="giBoolean"/>
     <attribute name="name" value="strobe_period" type="giString"/>
     <attribute name="simDefault" value="0" type="giString"/>
     <attribute name="state" value="used" type="giString"/>
     <attribute name="value" value="0" type="giString"/>
    </object>
    <object name="options" type="saOption" version="1">
     <attribute name="enabled" value="no" type="giString"/>
     <attribute name="hasIntegrationDefault" value="0" type="giBoolean"/>
     <attribute name="localized" value="0" type="giBoolean"/>
     <attribute name="name" value="strobe_delay" type="giString"/>
     <attribute name="simDefault" value="0" type="giString"/>
     <attribute name="state" value="used" type="giString"/>
     <attribute name="value" value="0" type="giString"/>
    </object>
    <object name="options" type="saOption" version="1">
     <attribute name="enabled" value="no" type="giString"/>
     <attribute name="hasIntegrationDefault" value="0" type="giBoolean"/>
     <attribute name="localized" value="0" type="giBoolean"/>
     <attribute name="name" value="strobe_nskip" type="giString"/>
     <attribute name="simDefault" value="1" type="giString"/>
     <attribute name="state" value="used" type="giString"/>
     <attribute name="value" value="1" type="giString"/>
    </object>
    <object name="options" type="saOption" version="1">
     <attribute name="enabled" value="no" type="giString"/>
     <attribute name="hasIntegrationDefault" value="0" type="giBoolean"/>
     <attribute name="localized" value="0" type="giBoolean"/>
     <attribute name="name" value="strobe_start" type="giString"/>
     <attribute name="simDefault" value="0" type="giString"/>
     <attribute name="state" value="used" type="giString"/>
     <attribute name="value" value="0" type="giString"/>
    </object>
    <object name="options" type="saOption" version="1">
     <attribute name="enabled" value="no" type="giString"/>
     <attribute name="hasIntegrationDefault" value="0" type="giBoolean"/>
     <attribute name="localized" value="0" type="giBoolean"/>
     <attribute name="name" value="strobe_stop" type="giString"/>
     <attribute name="simDefault" value="stop" type="giString"/>
     <attribute name="state" value="used" type="giString"/>
     <attribute name="value" value="stop" type="giString"/>
    </object>
    <object name="options" type="saOption" version="1">
     <attribute name="enabled" value="no" type="giString"/>
     <attribute name="hasIntegrationDefault" value="0" type="giBoolean"/>
     <attribute name="localized" value="0" type="giBoolean"/>
     <attribute name="name" value="otherOptions" type="giString"/>
     <attribute name="simDefault" value="" type="giString"/>
     <attribute name="state" value="used" type="giString"/>
     <attribute name="value" value="" type="giString"/>
    </object>
   </collection>
   <attribute name="paramdata" value="" type="giString"/>
   <attribute name="paramfile" value="" type="giString"/>
   <attribute name="paramname" value="" type="giString"/>
   <attribute name="restorePoint" value="" type="giString"/>
   <attribute name="saveList" value="" type="giString"/>
   <attribute name="soa" value="0" type="giBoolean"/>
   <attribute name="start" value="0" type="giString"/>
   <attribute name="step" value="500n" type="giString"/>
   <attribute name="stop" value="10p" type="giString"/>
   <attribute name="tnaSeedSel" value="Fixed Value" type="giString"/>
   <attribute name="tnaSeedVal" value="1" type="giString"/>
   <attribute name="tnafmax" value="" type="giString"/>
   <attribute name="tnafmin" value="" type="giString"/>
   <attribute name="tnascale" value="" type="giString"/>
   <attribute name="tnatstart" value="" type="giString"/>
   <attribute name="tranNoise" value="0" type="giBoolean"/>
   <attribute name="uic" value="0" type="giBoolean"/>
   <attribute name="useCard" value="0" type="giBoolean"/>
  </object>
  <object name="analyses" type="saAnalysis" version="1">
   <attribute name="autotrinit" value="0" type="giBoolean"/>
   <attribute name="card" value="" type="giString"/>
   <attribute name="center" value="" type="giString"/>
   <attribute name="dec" value="" type="giString"/>
   <attribute name="definition" value="sn" type="giString"/>
   <attribute name="description" value="" type="giString"/>
   <attribute name="designVar" value="" type="giString"/>
   <attribute name="detectsteady" value="0" type="giBoolean"/>
   <attribute name="dev" value="" type="giString"/>
   <attribute name="doLoadPull" value="0" type="giString"/>
   <attribute name="doLoadPullPort" value="0" type="giString"/>
   <attribute name="doSweep" value="0" type="giString"/>
   <attribute name="dpmethod" value="Vector" type="giString"/>
   <attribute name="dynamicParameters" value="0" type="giBoolean"/>
   <attribute name="enabled" value="1" type="giBoolean"/>
   <attribute name="freqPeriod" value="Beat Frequency" type="giString"/>
   <attribute name="fundMode" value="Specify" type="giString"/>
   <attribute name="harmsType" value="Number" type="giString"/>
   <attribute name="lin" value="" type="giString"/>
   <attribute name="loadstate" value="" type="giString"/>
   <attribute name="log" value="" type="giString"/>
   <attribute name="lp2Param" value="" type="giString"/>
   <attribute name="lp2ParamStepSpecLin" value="Number of Steps" type="giString"/>
   <attribute name="lp2ParamSweep" value="Linear" type="giString"/>
   <attribute name="lp2Paramlin" value="" type="giString"/>
   <attribute name="lp2Paramstart" value="" type="giString"/>
   <attribute name="lp2Paramstep" value="" type="giString"/>
   <attribute name="lp2Paramstop" value="" type="giString"/>
   <attribute name="lp2Paramvalues" value="" type="giString"/>
   <attribute name="lpParam" value="" type="giString"/>
   <attribute name="lpParamStepSpecLin" value="Number of Steps" type="giString"/>
   <attribute name="lpParamSweep" value="Linear" type="giString"/>
   <attribute name="lpParamlin" value="" type="giString"/>
   <attribute name="lpParamstart" value="" type="giString"/>
   <attribute name="lpParamstep" value="" type="giString"/>
   <attribute name="lpParamstop" value="" type="giString"/>
   <attribute name="lpParamvalues" value="" type="giString"/>
   <attribute name="lpinst" value="" type="giString"/>
   <attribute name="lpz0" value="" type="giString"/>
   <attribute name="mod" value="" type="giString"/>
   <attribute name="name" value="sn" type="giString"/>
   <attribute name="negNode" value="" type="giString"/>
   <attribute name="nharms" value="20" type="giString"/>
   <attribute name="nharmsvec" value="" type="giString"/>
   <attribute name="node" value="" type="giString"/>
   <collection name="options">
    <object name="options" type="saOption" version="1">
     <attribute name="enabled" value="no" type="giString"/>
     <attribute name="hasIntegrationDefault" value="0" type="giBoolean"/>
     <attribute name="localized" value="0" type="giBoolean"/>
     <attribute name="name" value="steadyratio" type="giString"/>
     <attribute name="simDefault" value="" type="giString"/>
     <attribute name="state" value="used" type="giString"/>
     <attribute name="value" value="" type="giString"/>
    </object>
    <object name="options" type="saOption" version="1">
     <attribute name="enabled" value="no" type="giString"/>
     <attribute name="hasIntegrationDefault" value="0" type="giBoolean"/>
     <attribute name="localized" value="0" type="giBoolean"/>
     <attribute name="name" value="trinit_method" type="giString"/>
     <attribute name="simDefault" value="&quot;trap&quot;" type="giString"/>
     <attribute name="state" value="used" type="giString"/>
     <attribute name="value" value="&quot;trap&quot;" type="giString"/>
    </object>
    <object name="options" type="saOption" version="1">
     <attribute name="enabled" value="no" type="giString"/>
     <attribute name="hasIntegrationDefault" value="0" type="giBoolean"/>
     <attribute name="localized" value="0" type="giBoolean"/>
     <attribute name="name" value="maxiter" type="giString"/>
     <attribute name="simDefault" value="" type="giString"/>
     <attribute name="state" value="used" type="giString"/>
     <attribute name="value" value="" type="giString"/>
    </object>
    <object name="options" type="saOption" version="1">
     <attribute name="enabled" value="no" type="giString"/>
     <attribute name="hasIntegrationDefault" value="0" type="giBoolean"/>
     <attribute name="localized" value="0" type="giBoolean"/>
     <attribute name="name" value="write" type="giString"/>
     <attribute name="simDefault" value="" type="giString"/>
     <attribute name="state" value="used" type="giString"/>
     <attribute name="value" value="" type="giString"/>
    </object>
    <object name="options" type="saOption" version="1">
     <attribute name="enabled" value="no" type="giString"/>
     <attribute name="hasIntegrationDefault" value="0" type="giBoolean"/>
     <attribute name="localized" value="0" type="giBoolean"/>
     <attribute name="name" value="read_ic" type="giString"/>
     <attribute name="simDefault" value="" type="giString"/>
     <attribute name="state" value="used" type="giString"/>
     <attribute name="value" value="" type="giString"/>
    </object>
    <object name="options" type="saOption" version="1">
     <attribute name="enabled" value="no" type="giString"/>
     <attribute name="hasIntegrationDefault" value="0" type="giBoolean"/>
     <attribute name="localized" value="0" type="giBoolean"/>
     <attribute name="name" value="read_ns" type="giString"/>
     <attribute name="simDefault" value="" type="giString"/>
     <attribute name="state" value="used" type="giString"/>
     <attribute name="value" value="" type="giString"/>
    </object>
    <object name="options" type="saOption" version="1">
     <attribute name="enabled" value="no" type="giString"/>
     <attribute name="hasIntegrationDefault" value="0" type="giBoolean"/>
     <attribute name="localized" value="0" type="giBoolean"/>
     <attribute name="name" value="uic" type="giString"/>
     <attribute name="simDefault" value="no" type="giString"/>
     <attribute name="state" value="used" type="giString"/>
     <attribute name="value" value="no" type="giString"/>
    </object>
    <object name="options" type="saOption" version="1">
     <attribute name="enabled" value="no" type="giString"/>
     <attribute name="hasIntegrationDefault" value="0" type="giBoolean"/>
     <attribute name="localized" value="0" type="giBoolean"/>
     <attribute name="name" value="otherOptions" type="giString"/>
     <attribute name="simDefault" value="" type="giString"/>
     <attribute name="state" value="used" type="giString"/>
     <attribute name="value" value="" type="giString"/>
    </object>
   </collection>
   <attribute name="oscillator" value="0" type="giString"/>
   <attribute name="param" value="" type="giString"/>
   <attribute name="paramdata" value="" type="giString"/>
   <attribute name="paramfile" value="" type="giString"/>
   <attribute name="paramname" value="" type="giString"/>
   <attribute name="savestate" value="" type="giString"/>
   <attribute name="savetrinit" value="0" type="giBoolean"/>
   <attribute name="span" value="" type="giString"/>
   <attribute name="start" value="" type="giString"/>
   <attribute name="step" value="" type="giString"/>
   <attribute name="stepSpecLin" value="Number of Steps" type="giString"/>
   <attribute name="stepSpecLog" value="Points per Decade" type="giString"/>
   <attribute name="stop" value="" type="giString"/>
   <attribute name="sub" value="" type="giString"/>
   <attribute name="sweep" value="Linear" type="giString"/>
   <attribute name="sweepSpec" value="Start/Stop" type="giString"/>
   <attribute name="sweepVar" value="Temperature" type="giString"/>
   <collection name="tones"/>
   <attribute name="tonesfreq" value="200MHz" type="giString"/>
   <attribute name="tonesperiod" value="" type="giString"/>
   <attribute name="trinit" value="" type="giString"/>
   <attribute name="useCard" value="0" type="giBoolean"/>
   <attribute name="values" value="" type="giString"/>
  </object>
  <object name="analyses" type="saAnalysis" version="1">
   <attribute name="card" value="" type="giString"/>
   <attribute name="center" value="" type="giString"/>
   <attribute name="crossdirection" value="all" type="giString"/>
   <attribute name="dec" value="20" type="giString"/>
   <attribute name="definition" value="snac" type="giString"/>
   <attribute name="description" value="" type="giString"/>
   <attribute name="enabled" value="1" type="giBoolean"/>
   <attribute name="lin" value="" type="giString"/>
   <attribute name="log" value="" type="giString"/>
   <attribute name="maxsamples" value="" type="giString"/>
   <attribute name="maxsideband" value="" type="giString"/>
   <attribute name="name" value="snac" type="giString"/>
   <attribute name="negNode" value="" type="giString"/>
   <attribute name="node" value="" type="giString"/>
   <collection name="options">
    <object name="options" type="saOption" version="1">
     <attribute name="enabled" value="no" type="giString"/>
     <attribute name="hasIntegrationDefault" value="0" type="giBoolean"/>
     <attribute name="localized" value="0" type="giBoolean"/>
     <attribute name="name" value="tolerance" type="giString"/>
     <attribute name="simDefault" value="" type="giString"/>
     <attribute name="state" value="used" type="giString"/>
     <attribute name="value" value="" type="giString"/>
    </object>
    <object name="options" type="saOption" version="1">
     <attribute name="enabled" value="no" type="giString"/>
     <attribute name="hasIntegrationDefault" value="0" type="giBoolean"/>
     <attribute name="localized" value="0" type="giBoolean"/>
     <attribute name="name" value="kryloviter" type="giString"/>
     <attribute name="simDefault" value="200" type="giString"/>
     <attribute name="state" value="used" type="giString"/>
     <attribute name="value" value="200" type="giString"/>
    </object>
    <object name="options" type="saOption" version="1">
     <attribute name="enabled" value="no" type="giString"/>
     <attribute name="hasIntegrationDefault" value="0" type="giBoolean"/>
     <attribute name="localized" value="0" type="giBoolean"/>
     <attribute name="name" value="otherOptions" type="giString"/>
     <attribute name="simDefault" value="" type="giString"/>
     <attribute name="state" value="used" type="giString"/>
     <attribute name="value" value="" type="giString"/>
    </object>
   </collection>
   <attribute name="relharms" value="1" type="giString"/>
   <attribute name="sampleType" value="Probe" type="giString"/>
   <attribute name="sampled" value="0" type="giString"/>
   <attribute name="sidebandType" value="Unspecified" type="giString"/>
   <attribute name="sidebands" value="" type="giString"/>
   <attribute name="span" value="" type="giString"/>
   <attribute name="sprobe" value="" type="giString"/>
   <attribute name="start" value="1" type="giString"/>
   <attribute name="step" value="" type="giString"/>
   <attribute name="stepSpecLin" value="Number of Steps" type="giString"/>
   <attribute name="stepSpecLog" value="Points per Decade" type="giString"/>
   <attribute name="stop" value="5G" type="giString"/>
   <attribute name="sweep" value="Logarithmic" type="giString"/>
   <attribute name="sweepSpec" value="Start/Stop" type="giString"/>
   <attribute name="sweeptype" value="Default" type="giString"/>
   <attribute name="time" value="" type="giString"/>
   <attribute name="useCard" value="0" type="giBoolean"/>
   <attribute name="val" value="" type="giString"/>
   <attribute name="values" value="" type="giString"/>
  </object>
 </collection>
</file-format>
