<?xml version="1.0"?>
<!--Created by Custom Compiler (TM), build , on Wed Dec  1 11:11:45 2021-->
<file-format name="stateCategory" version="1.0">
 <object name="models" type="saModelSetup" version="1">
  <attribute name="includeGlobal" value="1" type="giBoolean"/>
  <attribute name="includePath" value="" type="giString"/>
  <collection name="modelFiles">
   <object name="modelFiles" type="saModelFile" version="1">
    <attribute name="enabled" value="1" type="giBoolean"/>
    <attribute name="filename" value="../PDK/SAED14nm/SAED14_PDK/hspice/saed14nm.lib" type="giString"/>
    <attribute name="section" value="TT" type="giString"/>
   </object>
  </collection>
  <collection name="modelGroupDefs"/>
  <collection name="modelGroups"/>
 </object>
</file-format>
