<?xml version="1.0"?>
<!--Created by Custom Compiler (TM), build , on Wed Dec  1 11:11:45 2021-->
<file-format name="stateCategory" version="1.0">
 <object name="timestamps" type="saTimestamps" version="1">
  <attribute name="designData" value="" type="giString"/>
  <attribute name="designTimestamp" value="0" type="giInt"/>
  <attribute name="filterList" value="" type="giString"/>
  <attribute name="includeFilesData" value="" type="giString"/>
  <attribute name="lastFullScan" value="0" type="giInt"/>
  <attribute name="resultsUpToDate" value="0" type="giBoolean"/>
  <attribute name="saeSessionData" value="" type="giString"/>
 </object>
</file-format>
