<?xml version="1.0"?>
<!--Created by Custom Compiler (TM), build , on Wed Dec  1 11:11:44 2021-->
<file-format name="stateCategory" version="1.0">
 <object name="environmentOptions" type="saEnvironmentOptions" version="1">
  <attribute name="accuracyLevel" value="runlvl" type="giString"/>
  <attribute name="auto" value="0" type="giBoolean"/>
  <attribute name="commandLineOptions" value="" type="giString"/>
  <attribute name="enableParallelSim" value="0" type="giBoolean"/>
  <attribute name="ignoreParasitics" value="0" type="giBoolean"/>
  <attribute name="includePath" value="" type="giString"/>
  <attribute name="netlistLanguage" value="HSPICE" type="giString"/>
  <attribute name="numProcesses" value="1" type="giInt"/>
  <attribute name="outputDataFormat" value="wdf" type="giString"/>
  <attribute name="stopViewList" value="hspice hspiceD" type="giString"/>
  <attribute name="switchViewList" value="hspice hspiceD schematic spice veriloga" type="giString"/>
  <attribute name="use64Bit" value="1" type="giBoolean"/>
 </object>
</file-format>
