<?xml version="1.0"?>
<!--Created by Custom Compiler (TM), build , on Wed Dec  1 11:11:44 2021-->
<file-format name="stateData" version="1.0">
 <attribute name="description" value="" type="giString"/>
 <attribute name="design" value="opamp/opamp_tb/schematic" type="dmCellView"/>
 <attribute name="enabled" value="0" type="giBoolean"/>
 <attribute name="enabledJobClass" value="0" type="giBoolean"/>
 <attribute name="migratedSimulator" value="PrimeSim" type="giString"/>
 <attribute name="name" value="DC" type="giString"/>
 <attribute name="openaccessState" value="//" type="dmCellView"/>
 <attribute name="simulator" value="PrimeSim" type="giString"/>
 <comment>Testbench of 'GlobalTestSuite' test suite.</comment>
 <integration version="1"/>
</file-format>
