<?xml version="1.0"?>
<!-- created by Custom Compiler (TM), build #, on Sun Jul 25 12:39:23 2021
-->
<synopsysFile version="2.2" name="synopsysWorkspace">
    <workspace default="1" title="Layout" name="leLayout">
        <overlay windowType="leLayout"/>
    </workspace>
    <workspace default="1" title="Schematic" name="seSchematic">
        <overlay windowType="seSchematic"/>
    </workspace>
    <workspace default="1" title="Library Manager" name="dmLibraryManager">
        <overlay windowType="dmLibraryManager">
            <dockArea side="top">
                <toolbarRow level="0">
                    <toolbar title="Standard" name="dmLibraryManagerStandard"/>
                </toolbarRow>
            </dockArea>
        </overlay>
    </workspace>
    <workspace default="1" title="Text Editor Workspace" name="teWorkspace">
        <overlay windowType="teText"/>
    </workspace>
    <workspace default="0" title="Chaining" name="lxChaining">
        <overlay windowType="lxSymbolicEditor">
            <dockArea side="left">
                <assistantGroup>
                    <assistant show="false" name="lxSEDSchematicAssistant" floating="false" position="452" length="318"/>
                </assistantGroup>
                <assistantGroup>
                    <assistant forWorkspace="true" name="lxDevicePanelSDC" floating="false" position="452" length="318" before="lxSEDSchematicAssistant"/>
                </assistantGroup>
            </dockArea>
        </overlay>
    </workspace>
    <workspace default="0" title="Matching" name="lxMatching">
        <overlay windowType="lxSymbolicEditor">
            <dockArea side="left">
                <assistantGroup>
                    <assistant show="false" name="lxSEDSchematicAssistant" floating="false" position="452" length="318"/>
                </assistantGroup>
                <assistantGroup index="0">
                    <assistant forWorkspace="true" name="lxPatternPanelMDC" floating="false" before="lxSEDSchematicAssistant"/>
                    <assistant forWorkspace="true" name="lxDevicePanelMDC" floating="false"/>
                </assistantGroup>
            </dockArea>
            <dockArea side="top">
                <toolbarRow level="0">
                    <toolbar forWorkspace="true" title="Grid Size" name="lxGridSizeMDC" after="lxSelection"/>
                </toolbarRow>
            </dockArea>
        </overlay>
    </workspace>
    <workspace default="0" title="SDL" name="lxSDL">
        <overlay windowType="leLayout">
            <menuBar>
                <menu remove="false" title="SDL" name="lxSDLMenuLayout" before="giWindowMenu">
                    <action name="lxShowGenerateLayout" before="lxShowUpdateSchematic"/>
                    <action name="lxShowUpdateSchematic" before="lxPickAndPlace"/>
                    <action name="lxPickAndPlace" before="lxEstablishCorrespondence"/>
                    <action name="lxEstablishCorrespondence" before="lxClone"/>
                    <action show="false" name="lxClone" before="lxSplitDevice"/>
                    <action name="lxSplitDevice" before="lxSDLMapping"/>
                    <action name="lxSDLMapping" before="lxApplyPresetParams"/>
                    <action name="lxApplyPresetParams" before="lxOptions"/>
                    <action name="lxOptions" before="giSeparator"/>
                    <action name="giSeparator" before="lxSymbolicEditorLEMenu"/>
                    <action name="lxSymbolicEditorLEMenu" before="lxViaTrackPlanner"/>
                    <action name="lxViaTrackPlanner" before="giSeparator"/>
                    <action name="lxECOMenuLay" before="giSeparator"/>
                    <action name="deProbeCascade" before="giSeparator"/>
                    <action name="lxLogicalSource"/>
                </menu>
            </menuBar>
            <dockArea side="left">
                <toolbarRow level="0">
                    <toolbar forWorkspace="true" title="SDL" name="lxSDLToolbarLayout"/>
                </toolbarRow>
                <assistantGroup>
                    <assistant forWorkspace="true" name="lxSchematicAssistant" floating="false" position="452" length="318"/>
                </assistantGroup>
                <assistantGroup>
                    <assistant name="heDesignNavigator" floating="false" position="452" length="318" before="lxSchematicAssistant"/>
                </assistantGroup>
            </dockArea>
            <dockArea side="right">
                <assistantGroup index="0">
                    <assistant forWorkspace="true" name="lxTemplateManager" floating="false"/>
                    <assistant forWorkspace="true" name="lxTemplateBrowser" floating="false"/>
                </assistantGroup>
            </dockArea>
        </overlay>
    </workspace>
    <workspace default="0" title="SDL" name="lxSDLseSchematic">
        <overlay windowType="seSchematic">
            <menuBar>
                <menu remove="false" title="SDL" name="lxSDLMenuSchematic" before="giWindowMenu">
                    <action name="lxECOMenuSch" before="giSeparator"/>
                    <action name="giSeparator" before="deProbeCascade"/>
                    <action name="deProbeCascade" before="giSeparator"/>
                    <action name="lxInitializeFromSchematic"/>
                </menu>
            </menuBar>
        </overlay>
    </workspace>
    <workspace default="0" title="UDD" name="ueUDDWorkspace">
        <overlay windowType="leLayout">
            <dockArea side="left">
                <assistantGroup>
                    <assistant forWorkspace="true" name="ueUDDAssistant" floating="false"/>
                </assistantGroup>
            </dockArea>
        </overlay>
    </workspace>
    <workspace default="0" title="Template" name="deTemplateWorkspaceLayout">
        <overlay windowType="leLayout">
            <dockArea side="left">
                <assistantGroup>
                    <assistant show="false" forWorkspace="true" name="deTemplateAttributes" floating="false"/>
                </assistantGroup>
            </dockArea>
        </overlay>
    </workspace>
    <workspace default="0" title="Template" name="deTemplateWorkspaceSchematic">
        <overlay windowType="seSchematic">
            <dockArea side="left">
                <assistantGroup>
                    <assistant show="false" forWorkspace="true" name="deTemplateAttributes" floating="false"/>
                </assistantGroup>
            </dockArea>
        </overlay>
    </workspace>
</synopsysFile>
