<?xml version="1.0"?>
<!--Created by Custom Compiler (TM), build , on Wed Dec  1 11:11:44 2021-->
<file-format name="testSuiteData" version="1.0">
 <comment></comment>
 <tsCategory></tsCategory>
 <version version="1.0"/>
 <attribute name="supportsGlobalScope" value="1" type="giBoolean"/>
 <testbenchOrder>
  <testbench name="DC"/>
  <testbench name="LSTB"/>
  <testbench name="AC_CMG"/>
  <testbench name="AC_PSRR"/>
  <testbench name="DC_AMP"/>
  <testbench name="DC_icmr"/>
  <testbench name="DC_OVSR"/>
  <testbench name="Noise"/>
  <testbench name="PZ"/>
  <testbench name="XF"/>
  <testbench name="TRAN"/>
  <testbench name="SN"/>
  <testbench name="SNAC"/>
 </testbenchOrder>
 <category name="chainingSetup">
  <collection name="chainingSetup"/>
 </category>
 <category name="cornersSetup">
  <collection name="cornersSetup">
   <object name="cornersSetup" type="saCornersSetup" version="1">
    <object name="applicableTestbenches" type="saApplicableTestbenches" version="1">
     <attribute name="include" value="1" type="giBoolean"/>
     <attribute name="names" value="" type="giStringList"/>
    </object>
    <collection name="corners">
     <object name="corners" type="saCorner" version="1">
      <object name="applicableTestbenches" type="saApplicableTestbenches" version="1">
       <attribute name="include" value="0" type="giBoolean"/>
       <attribute name="names" value="" type="giStringList"/>
      </object>
      <attribute name="enabled" value="1" type="giBoolean"/>
      <collection name="measures"/>
      <attribute name="name" value="corner1" type="giString"/>
      <collection name="parameters">
       <object name="parameters" type="saPair" version="1">
        <attribute name="name" value="temp" type="giString"/>
        <attribute name="value" value="-25" type="giString"/>
       </object>
       <object name="parameters" type="saPair" version="1">
        <attribute name="name" value="vph" type="giString"/>
        <attribute name="value" value="1.7" type="giString"/>
       </object>
       <object name="parameters" type="saPair" version="1">
        <attribute name="name" value="vcm" type="giString"/>
        <attribute name="value" value="0.7" type="giString"/>
       </object>
      </collection>
     </object>
     <object name="corners" type="saCorner" version="1">
      <object name="applicableTestbenches" type="saApplicableTestbenches" version="1">
       <attribute name="include" value="0" type="giBoolean"/>
       <attribute name="names" value="" type="giStringList"/>
      </object>
      <attribute name="enabled" value="1" type="giBoolean"/>
      <collection name="measures"/>
      <attribute name="name" value="corner2" type="giString"/>
      <collection name="parameters">
       <object name="parameters" type="saPair" version="1">
        <attribute name="name" value="temp" type="giString"/>
        <attribute name="value" value="-25" type="giString"/>
       </object>
       <object name="parameters" type="saPair" version="1">
        <attribute name="name" value="vph" type="giString"/>
        <attribute name="value" value="1.7" type="giString"/>
       </object>
       <object name="parameters" type="saPair" version="1">
        <attribute name="name" value="vcm" type="giString"/>
        <attribute name="value" value="0.8" type="giString"/>
       </object>
      </collection>
     </object>
     <object name="corners" type="saCorner" version="1">
      <object name="applicableTestbenches" type="saApplicableTestbenches" version="1">
       <attribute name="include" value="0" type="giBoolean"/>
       <attribute name="names" value="" type="giStringList"/>
      </object>
      <attribute name="enabled" value="1" type="giBoolean"/>
      <collection name="measures"/>
      <attribute name="name" value="corner3" type="giString"/>
      <collection name="parameters">
       <object name="parameters" type="saPair" version="1">
        <attribute name="name" value="temp" type="giString"/>
        <attribute name="value" value="-25" type="giString"/>
       </object>
       <object name="parameters" type="saPair" version="1">
        <attribute name="name" value="vph" type="giString"/>
        <attribute name="value" value="1.7" type="giString"/>
       </object>
       <object name="parameters" type="saPair" version="1">
        <attribute name="name" value="vcm" type="giString"/>
        <attribute name="value" value="0.9" type="giString"/>
       </object>
      </collection>
     </object>
     <object name="corners" type="saCorner" version="1">
      <object name="applicableTestbenches" type="saApplicableTestbenches" version="1">
       <attribute name="include" value="0" type="giBoolean"/>
       <attribute name="names" value="" type="giStringList"/>
      </object>
      <attribute name="enabled" value="1" type="giBoolean"/>
      <collection name="measures"/>
      <attribute name="name" value="corner4" type="giString"/>
      <collection name="parameters">
       <object name="parameters" type="saPair" version="1">
        <attribute name="name" value="temp" type="giString"/>
        <attribute name="value" value="-25" type="giString"/>
       </object>
       <object name="parameters" type="saPair" version="1">
        <attribute name="name" value="vph" type="giString"/>
        <attribute name="value" value="1.8" type="giString"/>
       </object>
       <object name="parameters" type="saPair" version="1">
        <attribute name="name" value="vcm" type="giString"/>
        <attribute name="value" value="0.7" type="giString"/>
       </object>
      </collection>
     </object>
     <object name="corners" type="saCorner" version="1">
      <object name="applicableTestbenches" type="saApplicableTestbenches" version="1">
       <attribute name="include" value="0" type="giBoolean"/>
       <attribute name="names" value="" type="giStringList"/>
      </object>
      <attribute name="enabled" value="1" type="giBoolean"/>
      <collection name="measures"/>
      <attribute name="name" value="corner5" type="giString"/>
      <collection name="parameters">
       <object name="parameters" type="saPair" version="1">
        <attribute name="name" value="temp" type="giString"/>
        <attribute name="value" value="-25" type="giString"/>
       </object>
       <object name="parameters" type="saPair" version="1">
        <attribute name="name" value="vph" type="giString"/>
        <attribute name="value" value="1.8" type="giString"/>
       </object>
       <object name="parameters" type="saPair" version="1">
        <attribute name="name" value="vcm" type="giString"/>
        <attribute name="value" value="0.8" type="giString"/>
       </object>
      </collection>
     </object>
     <object name="corners" type="saCorner" version="1">
      <object name="applicableTestbenches" type="saApplicableTestbenches" version="1">
       <attribute name="include" value="0" type="giBoolean"/>
       <attribute name="names" value="" type="giStringList"/>
      </object>
      <attribute name="enabled" value="1" type="giBoolean"/>
      <collection name="measures"/>
      <attribute name="name" value="corner6" type="giString"/>
      <collection name="parameters">
       <object name="parameters" type="saPair" version="1">
        <attribute name="name" value="temp" type="giString"/>
        <attribute name="value" value="-25" type="giString"/>
       </object>
       <object name="parameters" type="saPair" version="1">
        <attribute name="name" value="vph" type="giString"/>
        <attribute name="value" value="1.8" type="giString"/>
       </object>
       <object name="parameters" type="saPair" version="1">
        <attribute name="name" value="vcm" type="giString"/>
        <attribute name="value" value="0.9" type="giString"/>
       </object>
      </collection>
     </object>
     <object name="corners" type="saCorner" version="1">
      <object name="applicableTestbenches" type="saApplicableTestbenches" version="1">
       <attribute name="include" value="0" type="giBoolean"/>
       <attribute name="names" value="" type="giStringList"/>
      </object>
      <attribute name="enabled" value="1" type="giBoolean"/>
      <collection name="measures"/>
      <attribute name="name" value="corner7" type="giString"/>
      <collection name="parameters">
       <object name="parameters" type="saPair" version="1">
        <attribute name="name" value="temp" type="giString"/>
        <attribute name="value" value="-25" type="giString"/>
       </object>
       <object name="parameters" type="saPair" version="1">
        <attribute name="name" value="vph" type="giString"/>
        <attribute name="value" value="1.9" type="giString"/>
       </object>
       <object name="parameters" type="saPair" version="1">
        <attribute name="name" value="vcm" type="giString"/>
        <attribute name="value" value="0.7" type="giString"/>
       </object>
      </collection>
     </object>
     <object name="corners" type="saCorner" version="1">
      <object name="applicableTestbenches" type="saApplicableTestbenches" version="1">
       <attribute name="include" value="0" type="giBoolean"/>
       <attribute name="names" value="" type="giStringList"/>
      </object>
      <attribute name="enabled" value="1" type="giBoolean"/>
      <collection name="measures"/>
      <attribute name="name" value="corner8" type="giString"/>
      <collection name="parameters">
       <object name="parameters" type="saPair" version="1">
        <attribute name="name" value="temp" type="giString"/>
        <attribute name="value" value="-25" type="giString"/>
       </object>
       <object name="parameters" type="saPair" version="1">
        <attribute name="name" value="vph" type="giString"/>
        <attribute name="value" value="1.9" type="giString"/>
       </object>
       <object name="parameters" type="saPair" version="1">
        <attribute name="name" value="vcm" type="giString"/>
        <attribute name="value" value="0.8" type="giString"/>
       </object>
      </collection>
     </object>
     <object name="corners" type="saCorner" version="1">
      <object name="applicableTestbenches" type="saApplicableTestbenches" version="1">
       <attribute name="include" value="0" type="giBoolean"/>
       <attribute name="names" value="" type="giStringList"/>
      </object>
      <attribute name="enabled" value="1" type="giBoolean"/>
      <collection name="measures"/>
      <attribute name="name" value="corner9" type="giString"/>
      <collection name="parameters">
       <object name="parameters" type="saPair" version="1">
        <attribute name="name" value="temp" type="giString"/>
        <attribute name="value" value="-25" type="giString"/>
       </object>
       <object name="parameters" type="saPair" version="1">
        <attribute name="name" value="vph" type="giString"/>
        <attribute name="value" value="1.9" type="giString"/>
       </object>
       <object name="parameters" type="saPair" version="1">
        <attribute name="name" value="vcm" type="giString"/>
        <attribute name="value" value="0.9" type="giString"/>
       </object>
      </collection>
     </object>
     <object name="corners" type="saCorner" version="1">
      <object name="applicableTestbenches" type="saApplicableTestbenches" version="1">
       <attribute name="include" value="0" type="giBoolean"/>
       <attribute name="names" value="" type="giStringList"/>
      </object>
      <attribute name="enabled" value="1" type="giBoolean"/>
      <collection name="measures"/>
      <attribute name="name" value="corner10" type="giString"/>
      <collection name="parameters">
       <object name="parameters" type="saPair" version="1">
        <attribute name="name" value="temp" type="giString"/>
        <attribute name="value" value="25" type="giString"/>
       </object>
       <object name="parameters" type="saPair" version="1">
        <attribute name="name" value="vph" type="giString"/>
        <attribute name="value" value="1.7" type="giString"/>
       </object>
       <object name="parameters" type="saPair" version="1">
        <attribute name="name" value="vcm" type="giString"/>
        <attribute name="value" value="0.7" type="giString"/>
       </object>
      </collection>
     </object>
     <object name="corners" type="saCorner" version="1">
      <object name="applicableTestbenches" type="saApplicableTestbenches" version="1">
       <attribute name="include" value="0" type="giBoolean"/>
       <attribute name="names" value="" type="giStringList"/>
      </object>
      <attribute name="enabled" value="1" type="giBoolean"/>
      <collection name="measures"/>
      <attribute name="name" value="corner11" type="giString"/>
      <collection name="parameters">
       <object name="parameters" type="saPair" version="1">
        <attribute name="name" value="temp" type="giString"/>
        <attribute name="value" value="25" type="giString"/>
       </object>
       <object name="parameters" type="saPair" version="1">
        <attribute name="name" value="vph" type="giString"/>
        <attribute name="value" value="1.7" type="giString"/>
       </object>
       <object name="parameters" type="saPair" version="1">
        <attribute name="name" value="vcm" type="giString"/>
        <attribute name="value" value="0.8" type="giString"/>
       </object>
      </collection>
     </object>
     <object name="corners" type="saCorner" version="1">
      <object name="applicableTestbenches" type="saApplicableTestbenches" version="1">
       <attribute name="include" value="0" type="giBoolean"/>
       <attribute name="names" value="" type="giStringList"/>
      </object>
      <attribute name="enabled" value="1" type="giBoolean"/>
      <collection name="measures"/>
      <attribute name="name" value="corner12" type="giString"/>
      <collection name="parameters">
       <object name="parameters" type="saPair" version="1">
        <attribute name="name" value="temp" type="giString"/>
        <attribute name="value" value="25" type="giString"/>
       </object>
       <object name="parameters" type="saPair" version="1">
        <attribute name="name" value="vph" type="giString"/>
        <attribute name="value" value="1.7" type="giString"/>
       </object>
       <object name="parameters" type="saPair" version="1">
        <attribute name="name" value="vcm" type="giString"/>
        <attribute name="value" value="0.9" type="giString"/>
       </object>
      </collection>
     </object>
     <object name="corners" type="saCorner" version="1">
      <object name="applicableTestbenches" type="saApplicableTestbenches" version="1">
       <attribute name="include" value="0" type="giBoolean"/>
       <attribute name="names" value="" type="giStringList"/>
      </object>
      <attribute name="enabled" value="1" type="giBoolean"/>
      <collection name="measures"/>
      <attribute name="name" value="corner13" type="giString"/>
      <collection name="parameters">
       <object name="parameters" type="saPair" version="1">
        <attribute name="name" value="temp" type="giString"/>
        <attribute name="value" value="25" type="giString"/>
       </object>
       <object name="parameters" type="saPair" version="1">
        <attribute name="name" value="vph" type="giString"/>
        <attribute name="value" value="1.8" type="giString"/>
       </object>
       <object name="parameters" type="saPair" version="1">
        <attribute name="name" value="vcm" type="giString"/>
        <attribute name="value" value="0.7" type="giString"/>
       </object>
      </collection>
     </object>
     <object name="corners" type="saCorner" version="1">
      <object name="applicableTestbenches" type="saApplicableTestbenches" version="1">
       <attribute name="include" value="0" type="giBoolean"/>
       <attribute name="names" value="" type="giStringList"/>
      </object>
      <attribute name="enabled" value="1" type="giBoolean"/>
      <collection name="measures"/>
      <attribute name="name" value="corner14" type="giString"/>
      <collection name="parameters">
       <object name="parameters" type="saPair" version="1">
        <attribute name="name" value="temp" type="giString"/>
        <attribute name="value" value="25" type="giString"/>
       </object>
       <object name="parameters" type="saPair" version="1">
        <attribute name="name" value="vph" type="giString"/>
        <attribute name="value" value="1.8" type="giString"/>
       </object>
       <object name="parameters" type="saPair" version="1">
        <attribute name="name" value="vcm" type="giString"/>
        <attribute name="value" value="0.8" type="giString"/>
       </object>
      </collection>
     </object>
     <object name="corners" type="saCorner" version="1">
      <object name="applicableTestbenches" type="saApplicableTestbenches" version="1">
       <attribute name="include" value="0" type="giBoolean"/>
       <attribute name="names" value="" type="giStringList"/>
      </object>
      <attribute name="enabled" value="1" type="giBoolean"/>
      <collection name="measures"/>
      <attribute name="name" value="corner15" type="giString"/>
      <collection name="parameters">
       <object name="parameters" type="saPair" version="1">
        <attribute name="name" value="temp" type="giString"/>
        <attribute name="value" value="25" type="giString"/>
       </object>
       <object name="parameters" type="saPair" version="1">
        <attribute name="name" value="vph" type="giString"/>
        <attribute name="value" value="1.8" type="giString"/>
       </object>
       <object name="parameters" type="saPair" version="1">
        <attribute name="name" value="vcm" type="giString"/>
        <attribute name="value" value="0.9" type="giString"/>
       </object>
      </collection>
     </object>
     <object name="corners" type="saCorner" version="1">
      <object name="applicableTestbenches" type="saApplicableTestbenches" version="1">
       <attribute name="include" value="0" type="giBoolean"/>
       <attribute name="names" value="" type="giStringList"/>
      </object>
      <attribute name="enabled" value="1" type="giBoolean"/>
      <collection name="measures"/>
      <attribute name="name" value="corner16" type="giString"/>
      <collection name="parameters">
       <object name="parameters" type="saPair" version="1">
        <attribute name="name" value="temp" type="giString"/>
        <attribute name="value" value="25" type="giString"/>
       </object>
       <object name="parameters" type="saPair" version="1">
        <attribute name="name" value="vph" type="giString"/>
        <attribute name="value" value="1.9" type="giString"/>
       </object>
       <object name="parameters" type="saPair" version="1">
        <attribute name="name" value="vcm" type="giString"/>
        <attribute name="value" value="0.7" type="giString"/>
       </object>
      </collection>
     </object>
     <object name="corners" type="saCorner" version="1">
      <object name="applicableTestbenches" type="saApplicableTestbenches" version="1">
       <attribute name="include" value="0" type="giBoolean"/>
       <attribute name="names" value="" type="giStringList"/>
      </object>
      <attribute name="enabled" value="1" type="giBoolean"/>
      <collection name="measures"/>
      <attribute name="name" value="corner17" type="giString"/>
      <collection name="parameters">
       <object name="parameters" type="saPair" version="1">
        <attribute name="name" value="temp" type="giString"/>
        <attribute name="value" value="25" type="giString"/>
       </object>
       <object name="parameters" type="saPair" version="1">
        <attribute name="name" value="vph" type="giString"/>
        <attribute name="value" value="1.9" type="giString"/>
       </object>
       <object name="parameters" type="saPair" version="1">
        <attribute name="name" value="vcm" type="giString"/>
        <attribute name="value" value="0.8" type="giString"/>
       </object>
      </collection>
     </object>
     <object name="corners" type="saCorner" version="1">
      <object name="applicableTestbenches" type="saApplicableTestbenches" version="1">
       <attribute name="include" value="0" type="giBoolean"/>
       <attribute name="names" value="" type="giStringList"/>
      </object>
      <attribute name="enabled" value="1" type="giBoolean"/>
      <collection name="measures"/>
      <attribute name="name" value="corner18" type="giString"/>
      <collection name="parameters">
       <object name="parameters" type="saPair" version="1">
        <attribute name="name" value="temp" type="giString"/>
        <attribute name="value" value="25" type="giString"/>
       </object>
       <object name="parameters" type="saPair" version="1">
        <attribute name="name" value="vph" type="giString"/>
        <attribute name="value" value="1.9" type="giString"/>
       </object>
       <object name="parameters" type="saPair" version="1">
        <attribute name="name" value="vcm" type="giString"/>
        <attribute name="value" value="0.9" type="giString"/>
       </object>
      </collection>
     </object>
     <object name="corners" type="saCorner" version="1">
      <object name="applicableTestbenches" type="saApplicableTestbenches" version="1">
       <attribute name="include" value="0" type="giBoolean"/>
       <attribute name="names" value="" type="giStringList"/>
      </object>
      <attribute name="enabled" value="1" type="giBoolean"/>
      <collection name="measures"/>
      <attribute name="name" value="corner19" type="giString"/>
      <collection name="parameters">
       <object name="parameters" type="saPair" version="1">
        <attribute name="name" value="temp" type="giString"/>
        <attribute name="value" value="75" type="giString"/>
       </object>
       <object name="parameters" type="saPair" version="1">
        <attribute name="name" value="vph" type="giString"/>
        <attribute name="value" value="1.7" type="giString"/>
       </object>
       <object name="parameters" type="saPair" version="1">
        <attribute name="name" value="vcm" type="giString"/>
        <attribute name="value" value="0.7" type="giString"/>
       </object>
      </collection>
     </object>
     <object name="corners" type="saCorner" version="1">
      <object name="applicableTestbenches" type="saApplicableTestbenches" version="1">
       <attribute name="include" value="0" type="giBoolean"/>
       <attribute name="names" value="" type="giStringList"/>
      </object>
      <attribute name="enabled" value="1" type="giBoolean"/>
      <collection name="measures"/>
      <attribute name="name" value="corner20" type="giString"/>
      <collection name="parameters">
       <object name="parameters" type="saPair" version="1">
        <attribute name="name" value="temp" type="giString"/>
        <attribute name="value" value="75" type="giString"/>
       </object>
       <object name="parameters" type="saPair" version="1">
        <attribute name="name" value="vph" type="giString"/>
        <attribute name="value" value="1.7" type="giString"/>
       </object>
       <object name="parameters" type="saPair" version="1">
        <attribute name="name" value="vcm" type="giString"/>
        <attribute name="value" value="0.8" type="giString"/>
       </object>
      </collection>
     </object>
     <object name="corners" type="saCorner" version="1">
      <object name="applicableTestbenches" type="saApplicableTestbenches" version="1">
       <attribute name="include" value="0" type="giBoolean"/>
       <attribute name="names" value="" type="giStringList"/>
      </object>
      <attribute name="enabled" value="1" type="giBoolean"/>
      <collection name="measures"/>
      <attribute name="name" value="corner21" type="giString"/>
      <collection name="parameters">
       <object name="parameters" type="saPair" version="1">
        <attribute name="name" value="temp" type="giString"/>
        <attribute name="value" value="75" type="giString"/>
       </object>
       <object name="parameters" type="saPair" version="1">
        <attribute name="name" value="vph" type="giString"/>
        <attribute name="value" value="1.7" type="giString"/>
       </object>
       <object name="parameters" type="saPair" version="1">
        <attribute name="name" value="vcm" type="giString"/>
        <attribute name="value" value="0.9" type="giString"/>
       </object>
      </collection>
     </object>
     <object name="corners" type="saCorner" version="1">
      <object name="applicableTestbenches" type="saApplicableTestbenches" version="1">
       <attribute name="include" value="0" type="giBoolean"/>
       <attribute name="names" value="" type="giStringList"/>
      </object>
      <attribute name="enabled" value="1" type="giBoolean"/>
      <collection name="measures"/>
      <attribute name="name" value="corner22" type="giString"/>
      <collection name="parameters">
       <object name="parameters" type="saPair" version="1">
        <attribute name="name" value="temp" type="giString"/>
        <attribute name="value" value="75" type="giString"/>
       </object>
       <object name="parameters" type="saPair" version="1">
        <attribute name="name" value="vph" type="giString"/>
        <attribute name="value" value="1.8" type="giString"/>
       </object>
       <object name="parameters" type="saPair" version="1">
        <attribute name="name" value="vcm" type="giString"/>
        <attribute name="value" value="0.7" type="giString"/>
       </object>
      </collection>
     </object>
     <object name="corners" type="saCorner" version="1">
      <object name="applicableTestbenches" type="saApplicableTestbenches" version="1">
       <attribute name="include" value="0" type="giBoolean"/>
       <attribute name="names" value="" type="giStringList"/>
      </object>
      <attribute name="enabled" value="1" type="giBoolean"/>
      <collection name="measures"/>
      <attribute name="name" value="corner23" type="giString"/>
      <collection name="parameters">
       <object name="parameters" type="saPair" version="1">
        <attribute name="name" value="temp" type="giString"/>
        <attribute name="value" value="75" type="giString"/>
       </object>
       <object name="parameters" type="saPair" version="1">
        <attribute name="name" value="vph" type="giString"/>
        <attribute name="value" value="1.8" type="giString"/>
       </object>
       <object name="parameters" type="saPair" version="1">
        <attribute name="name" value="vcm" type="giString"/>
        <attribute name="value" value="0.8" type="giString"/>
       </object>
      </collection>
     </object>
     <object name="corners" type="saCorner" version="1">
      <object name="applicableTestbenches" type="saApplicableTestbenches" version="1">
       <attribute name="include" value="0" type="giBoolean"/>
       <attribute name="names" value="" type="giStringList"/>
      </object>
      <attribute name="enabled" value="1" type="giBoolean"/>
      <collection name="measures"/>
      <attribute name="name" value="corner24" type="giString"/>
      <collection name="parameters">
       <object name="parameters" type="saPair" version="1">
        <attribute name="name" value="temp" type="giString"/>
        <attribute name="value" value="75" type="giString"/>
       </object>
       <object name="parameters" type="saPair" version="1">
        <attribute name="name" value="vph" type="giString"/>
        <attribute name="value" value="1.8" type="giString"/>
       </object>
       <object name="parameters" type="saPair" version="1">
        <attribute name="name" value="vcm" type="giString"/>
        <attribute name="value" value="0.9" type="giString"/>
       </object>
      </collection>
     </object>
     <object name="corners" type="saCorner" version="1">
      <object name="applicableTestbenches" type="saApplicableTestbenches" version="1">
       <attribute name="include" value="0" type="giBoolean"/>
       <attribute name="names" value="" type="giStringList"/>
      </object>
      <attribute name="enabled" value="1" type="giBoolean"/>
      <collection name="measures"/>
      <attribute name="name" value="corner25" type="giString"/>
      <collection name="parameters">
       <object name="parameters" type="saPair" version="1">
        <attribute name="name" value="temp" type="giString"/>
        <attribute name="value" value="75" type="giString"/>
       </object>
       <object name="parameters" type="saPair" version="1">
        <attribute name="name" value="vph" type="giString"/>
        <attribute name="value" value="1.9" type="giString"/>
       </object>
       <object name="parameters" type="saPair" version="1">
        <attribute name="name" value="vcm" type="giString"/>
        <attribute name="value" value="0.7" type="giString"/>
       </object>
      </collection>
     </object>
     <object name="corners" type="saCorner" version="1">
      <object name="applicableTestbenches" type="saApplicableTestbenches" version="1">
       <attribute name="include" value="0" type="giBoolean"/>
       <attribute name="names" value="" type="giStringList"/>
      </object>
      <attribute name="enabled" value="1" type="giBoolean"/>
      <collection name="measures"/>
      <attribute name="name" value="corner26" type="giString"/>
      <collection name="parameters">
       <object name="parameters" type="saPair" version="1">
        <attribute name="name" value="temp" type="giString"/>
        <attribute name="value" value="75" type="giString"/>
       </object>
       <object name="parameters" type="saPair" version="1">
        <attribute name="name" value="vph" type="giString"/>
        <attribute name="value" value="1.9" type="giString"/>
       </object>
       <object name="parameters" type="saPair" version="1">
        <attribute name="name" value="vcm" type="giString"/>
        <attribute name="value" value="0.8" type="giString"/>
       </object>
      </collection>
     </object>
     <object name="corners" type="saCorner" version="1">
      <object name="applicableTestbenches" type="saApplicableTestbenches" version="1">
       <attribute name="include" value="0" type="giBoolean"/>
       <attribute name="names" value="" type="giStringList"/>
      </object>
      <attribute name="enabled" value="1" type="giBoolean"/>
      <collection name="measures"/>
      <attribute name="name" value="corner27" type="giString"/>
      <collection name="parameters">
       <object name="parameters" type="saPair" version="1">
        <attribute name="name" value="temp" type="giString"/>
        <attribute name="value" value="75" type="giString"/>
       </object>
       <object name="parameters" type="saPair" version="1">
        <attribute name="name" value="vph" type="giString"/>
        <attribute name="value" value="1.9" type="giString"/>
       </object>
       <object name="parameters" type="saPair" version="1">
        <attribute name="name" value="vcm" type="giString"/>
        <attribute name="value" value="0.9" type="giString"/>
       </object>
      </collection>
     </object>
     <object name="corners" type="saCorner" version="1">
      <object name="applicableTestbenches" type="saApplicableTestbenches" version="1">
       <attribute name="include" value="0" type="giBoolean"/>
       <attribute name="names" value="" type="giStringList"/>
      </object>
      <attribute name="enabled" value="1" type="giBoolean"/>
      <collection name="measures"/>
      <attribute name="name" value="corner28" type="giString"/>
      <collection name="parameters">
       <object name="parameters" type="saPair" version="1">
        <attribute name="name" value="temp" type="giString"/>
        <attribute name="value" value="125" type="giString"/>
       </object>
       <object name="parameters" type="saPair" version="1">
        <attribute name="name" value="vph" type="giString"/>
        <attribute name="value" value="1.7" type="giString"/>
       </object>
       <object name="parameters" type="saPair" version="1">
        <attribute name="name" value="vcm" type="giString"/>
        <attribute name="value" value="0.7" type="giString"/>
       </object>
      </collection>
     </object>
     <object name="corners" type="saCorner" version="1">
      <object name="applicableTestbenches" type="saApplicableTestbenches" version="1">
       <attribute name="include" value="0" type="giBoolean"/>
       <attribute name="names" value="" type="giStringList"/>
      </object>
      <attribute name="enabled" value="1" type="giBoolean"/>
      <collection name="measures"/>
      <attribute name="name" value="corner29" type="giString"/>
      <collection name="parameters">
       <object name="parameters" type="saPair" version="1">
        <attribute name="name" value="temp" type="giString"/>
        <attribute name="value" value="125" type="giString"/>
       </object>
       <object name="parameters" type="saPair" version="1">
        <attribute name="name" value="vph" type="giString"/>
        <attribute name="value" value="1.7" type="giString"/>
       </object>
       <object name="parameters" type="saPair" version="1">
        <attribute name="name" value="vcm" type="giString"/>
        <attribute name="value" value="0.8" type="giString"/>
       </object>
      </collection>
     </object>
     <object name="corners" type="saCorner" version="1">
      <object name="applicableTestbenches" type="saApplicableTestbenches" version="1">
       <attribute name="include" value="0" type="giBoolean"/>
       <attribute name="names" value="" type="giStringList"/>
      </object>
      <attribute name="enabled" value="1" type="giBoolean"/>
      <collection name="measures"/>
      <attribute name="name" value="corner30" type="giString"/>
      <collection name="parameters">
       <object name="parameters" type="saPair" version="1">
        <attribute name="name" value="temp" type="giString"/>
        <attribute name="value" value="125" type="giString"/>
       </object>
       <object name="parameters" type="saPair" version="1">
        <attribute name="name" value="vph" type="giString"/>
        <attribute name="value" value="1.7" type="giString"/>
       </object>
       <object name="parameters" type="saPair" version="1">
        <attribute name="name" value="vcm" type="giString"/>
        <attribute name="value" value="0.9" type="giString"/>
       </object>
      </collection>
     </object>
     <object name="corners" type="saCorner" version="1">
      <object name="applicableTestbenches" type="saApplicableTestbenches" version="1">
       <attribute name="include" value="0" type="giBoolean"/>
       <attribute name="names" value="" type="giStringList"/>
      </object>
      <attribute name="enabled" value="1" type="giBoolean"/>
      <collection name="measures"/>
      <attribute name="name" value="corner31" type="giString"/>
      <collection name="parameters">
       <object name="parameters" type="saPair" version="1">
        <attribute name="name" value="temp" type="giString"/>
        <attribute name="value" value="125" type="giString"/>
       </object>
       <object name="parameters" type="saPair" version="1">
        <attribute name="name" value="vph" type="giString"/>
        <attribute name="value" value="1.8" type="giString"/>
       </object>
       <object name="parameters" type="saPair" version="1">
        <attribute name="name" value="vcm" type="giString"/>
        <attribute name="value" value="0.7" type="giString"/>
       </object>
      </collection>
     </object>
     <object name="corners" type="saCorner" version="1">
      <object name="applicableTestbenches" type="saApplicableTestbenches" version="1">
       <attribute name="include" value="0" type="giBoolean"/>
       <attribute name="names" value="" type="giStringList"/>
      </object>
      <attribute name="enabled" value="1" type="giBoolean"/>
      <collection name="measures"/>
      <attribute name="name" value="corner32" type="giString"/>
      <collection name="parameters">
       <object name="parameters" type="saPair" version="1">
        <attribute name="name" value="temp" type="giString"/>
        <attribute name="value" value="125" type="giString"/>
       </object>
       <object name="parameters" type="saPair" version="1">
        <attribute name="name" value="vph" type="giString"/>
        <attribute name="value" value="1.8" type="giString"/>
       </object>
       <object name="parameters" type="saPair" version="1">
        <attribute name="name" value="vcm" type="giString"/>
        <attribute name="value" value="0.8" type="giString"/>
       </object>
      </collection>
     </object>
     <object name="corners" type="saCorner" version="1">
      <object name="applicableTestbenches" type="saApplicableTestbenches" version="1">
       <attribute name="include" value="0" type="giBoolean"/>
       <attribute name="names" value="" type="giStringList"/>
      </object>
      <attribute name="enabled" value="1" type="giBoolean"/>
      <collection name="measures"/>
      <attribute name="name" value="corner33" type="giString"/>
      <collection name="parameters">
       <object name="parameters" type="saPair" version="1">
        <attribute name="name" value="temp" type="giString"/>
        <attribute name="value" value="125" type="giString"/>
       </object>
       <object name="parameters" type="saPair" version="1">
        <attribute name="name" value="vph" type="giString"/>
        <attribute name="value" value="1.8" type="giString"/>
       </object>
       <object name="parameters" type="saPair" version="1">
        <attribute name="name" value="vcm" type="giString"/>
        <attribute name="value" value="0.9" type="giString"/>
       </object>
      </collection>
     </object>
     <object name="corners" type="saCorner" version="1">
      <object name="applicableTestbenches" type="saApplicableTestbenches" version="1">
       <attribute name="include" value="0" type="giBoolean"/>
       <attribute name="names" value="" type="giStringList"/>
      </object>
      <attribute name="enabled" value="1" type="giBoolean"/>
      <collection name="measures"/>
      <attribute name="name" value="corner34" type="giString"/>
      <collection name="parameters">
       <object name="parameters" type="saPair" version="1">
        <attribute name="name" value="temp" type="giString"/>
        <attribute name="value" value="125" type="giString"/>
       </object>
       <object name="parameters" type="saPair" version="1">
        <attribute name="name" value="vph" type="giString"/>
        <attribute name="value" value="1.9" type="giString"/>
       </object>
       <object name="parameters" type="saPair" version="1">
        <attribute name="name" value="vcm" type="giString"/>
        <attribute name="value" value="0.7" type="giString"/>
       </object>
      </collection>
     </object>
     <object name="corners" type="saCorner" version="1">
      <object name="applicableTestbenches" type="saApplicableTestbenches" version="1">
       <attribute name="include" value="0" type="giBoolean"/>
       <attribute name="names" value="" type="giStringList"/>
      </object>
      <attribute name="enabled" value="1" type="giBoolean"/>
      <collection name="measures"/>
      <attribute name="name" value="corner35" type="giString"/>
      <collection name="parameters">
       <object name="parameters" type="saPair" version="1">
        <attribute name="name" value="temp" type="giString"/>
        <attribute name="value" value="125" type="giString"/>
       </object>
       <object name="parameters" type="saPair" version="1">
        <attribute name="name" value="vph" type="giString"/>
        <attribute name="value" value="1.9" type="giString"/>
       </object>
       <object name="parameters" type="saPair" version="1">
        <attribute name="name" value="vcm" type="giString"/>
        <attribute name="value" value="0.8" type="giString"/>
       </object>
      </collection>
     </object>
     <object name="corners" type="saCorner" version="1">
      <object name="applicableTestbenches" type="saApplicableTestbenches" version="1">
       <attribute name="include" value="0" type="giBoolean"/>
       <attribute name="names" value="" type="giStringList"/>
      </object>
      <attribute name="enabled" value="1" type="giBoolean"/>
      <collection name="measures"/>
      <attribute name="name" value="corner36" type="giString"/>
      <collection name="parameters">
       <object name="parameters" type="saPair" version="1">
        <attribute name="name" value="temp" type="giString"/>
        <attribute name="value" value="125" type="giString"/>
       </object>
       <object name="parameters" type="saPair" version="1">
        <attribute name="name" value="vph" type="giString"/>
        <attribute name="value" value="1.9" type="giString"/>
       </object>
       <object name="parameters" type="saPair" version="1">
        <attribute name="name" value="vcm" type="giString"/>
        <attribute name="value" value="0.9" type="giString"/>
       </object>
      </collection>
     </object>
    </collection>
    <attribute name="enabled" value="1" type="giBoolean"/>
    <attribute name="name" value="corners" type="giString"/>
    <collection name="paramDefs">
     <object name="paramDefs" type="saCornerParamDef" version="2">
      <attribute name="enabled" value="1" type="giBoolean"/>
      <attribute name="name" value="temp" type="giString"/>
      <attribute name="parameterType" value="temp" type="enCornerParameterType"/>
      <attribute name="path" value="" type="giString"/>
      <attribute name="shown" value="1" type="giBoolean"/>
      <attribute name="startValue" value="25" type="giString"/>
     </object>
     <object name="paramDefs" type="saCornerParamDef" version="2">
      <attribute name="enabled" value="1" type="giBoolean"/>
      <attribute name="name" value="vph" type="giString"/>
      <attribute name="parameterType" value="designVariable" type="enCornerParameterType"/>
      <attribute name="path" value="" type="giString"/>
      <attribute name="shown" value="1" type="giBoolean"/>
      <attribute name="startValue" value="1.8" type="giString"/>
     </object>
     <object name="paramDefs" type="saCornerParamDef" version="2">
      <attribute name="enabled" value="1" type="giBoolean"/>
      <attribute name="name" value="vcm" type="giString"/>
      <attribute name="parameterType" value="designVariable" type="enCornerParameterType"/>
      <attribute name="path" value="" type="giString"/>
      <attribute name="shown" value="1" type="giBoolean"/>
      <attribute name="startValue" value="0.8" type="giString"/>
     </object>
    </collection>
    <attribute name="setupType" value="standard" type="enCornersSetupType"/>
   </object>
  </collection>
 </category>
 <category name="dpoAreas">
  <collection name="dpoAreas"/>
 </category>
 <category name="dpoObjectives">
  <collection name="dpoObjectives"/>
 </category>
 <category name="dpoParams">
  <collection name="dpoParams"/>
 </category>
 <category name="jobOptions">
  <object name="jobOptions" type="saJobOptions" version="1">
   <attribute name="dynConcurrent" value="" type="giString"/>
   <attribute name="dynExtraOptions" value="default" type="giString"/>
   <attribute name="dynJcName" value="" type="giString"/>
   <attribute name="dynQueueList" value="" type="giString"/>
   <attribute name="measurementsCalculationMode" value="Background" type="giString"/>
   <attribute name="measurementsCommandPrefix" value="" type="giString"/>
   <attribute name="measurementsDisplayName" value="" type="giString"/>
   <attribute name="measurementsDisplayType" value="Current" type="saDisplayEnum"/>
   <attribute name="measurementsDisplayWrapperScript" value="" type="giString"/>
   <attribute name="measurementsGridOptions" value="" type="giString"/>
   <attribute name="measurementsJobClass" value="SAEShell" type="giString"/>
   <attribute name="netlistingGridOptions" value="" type="giString"/>
   <attribute name="netlistingJobClass" value="Netlisting" type="giString"/>
   <attribute name="overrideLocal" value="0" type="giBoolean"/>
   <attribute name="remoteSimDir" value="~/simulation" type="giString"/>
   <attribute name="scratchDir" value="/SCRATCH" type="giString"/>
   <attribute name="simulationCommandPrefix" value="" type="giString"/>
   <attribute name="simulationGridOptions" value="" type="giString"/>
   <attribute name="simulationJobClass" value="Simulation" type="giString"/>
   <attribute name="useScratchDir" value="0" type="giBoolean"/>
   <attribute name="usedGlobalResource" value="1" type="giBoolean"/>
   <attribute name="usedSimResource" value="1" type="giBoolean"/>
  </object>
 </category>
 <category name="models">
  <object name="models" type="saModelSetup" version="1">
   <attribute name="includeGlobal" value="1" type="giBoolean"/>
   <attribute name="includePath" value="" type="giString"/>
   <collection name="modelFiles"/>
   <collection name="modelGroupDefs"/>
   <collection name="modelGroups"/>
  </object>
 </category>
 <category name="reports">
  <collection name="reports"/>
 </category>
 <category name="sweeps">
  <collection name="sweeps"/>
 </category>
 <category name="temperature">
  <object name="temperature" type="saTemperature" version="1">
   <attribute name="description" value="" type="giString"/>
   <attribute name="local" value="1" type="giBoolean"/>
   <attribute name="unit" value="Celsius" type="giString"/>
   <attribute name="value" value="25" type="giString"/>
  </object>
 </category>
 <category name="variables">
  <collection name="variables">
   <object name="variables" type="saDesignVariable" version="1">
    <attribute name="description" value="" type="giString"/>
    <attribute name="name" value="vph" type="giString"/>
    <attribute name="useLocal" value="1" type="giBoolean"/>
    <attribute name="value" value="1.8" type="giString"/>
    <attribute name="variableType" value="none" type="enVariableType"/>
   </object>
   <object name="variables" type="saDesignVariable" version="1">
    <attribute name="description" value="" type="giString"/>
    <attribute name="name" value="vcm" type="giString"/>
    <attribute name="useLocal" value="1" type="giBoolean"/>
    <attribute name="value" value="0.8" type="giString"/>
    <attribute name="variableType" value="none" type="enVariableType"/>
   </object>
  </collection>
 </category>
 <category name="worstCaseAnalysis">
  <collection name="worstCaseAnalysis"/>
 </category>
 <attribute name="description" value="" type="giString"/>
 <attribute name="id" value="session0" type="giString"/>
 <attribute name="preRunProcsSourceFile" value="" type="giString"/>
 <attribute name="resultsDir" value="~/simulation" type="giString"/>
 <attribute name="runModeHistoryName" value="" type="giString"/>
 <attribute name="sequentialRunSetup" value="" type="giString"/>
 <attribute name="statesDir" value="" type="giString"/>
 <attribute name="uniqueName" value="opamp:GlobalTestSuite:GlobalTestSuite" type="giString"/>
</file-format>
